MALDIVES CUSTOMS SERVICE,,,,,
Tariff & Statistics Section,,,,,
,,,,,
,,,,,
Total Merchandise Exports in 2018 ,,,* Subjected to Post Modification,, Updated on :  04/07/2019 
,,,,,
CODE,HS DESCRIPTION,UNIT,COUNTRY OF DESTINATION, QUANTITY , FOB(MVR) 
106909099,"LIVE ANIMALS, NES",NMB,PHILIPPINES, 3.00 , 230.85 
301110000,LIVE FRESHWATER ORNAMENTAL FISH,NMB,TAIWAN, 270.00 ," 2,077.65 "
301190000,LIVE ORNAMENTAL FISH (OTHER THAN FRESHWATER),NMB,GREAT BRITAIN," 85,150.00 "," 2,559,692.41 "
301190000,LIVE ORNAMENTAL FISH (OTHER THAN FRESHWATER),NMB,JAPAN," 2,198.00 "," 27,222.07 "
301190000,LIVE ORNAMENTAL FISH (OTHER THAN FRESHWATER),NMB,NETHERLANDS," 10,414.00 "," 80,169.08 "
301190000,LIVE ORNAMENTAL FISH (OTHER THAN FRESHWATER),NMB,THAILAND," 1,984.50 "," 17,797.67 "
301190000,LIVE ORNAMENTAL FISH (OTHER THAN FRESHWATER),NMB,UNITED STATES," 43,936.00 "," 1,352,986.59 "
301190000,LIVE ORNAMENTAL FISH (OTHER THAN FRESHWATER),NMB,HONG KONG," 5,506.00 "," 72,029.83 "
301190000,LIVE ORNAMENTAL FISH (OTHER THAN FRESHWATER),NMB,ITALY, 219.00 ," 1,686.57 "
301190000,LIVE ORNAMENTAL FISH (OTHER THAN FRESHWATER),NMB,SRI LANKA," 209,148.67 "," 1,775,992.26 "
301190000,LIVE ORNAMENTAL FISH (OTHER THAN FRESHWATER),NMB,BELGIUM," 4,099.00 "," 126,223.67 "
301190000,LIVE ORNAMENTAL FISH (OTHER THAN FRESHWATER),NMB,FRANCE," 6,694.00 "," 206,123.28 "
301190000,LIVE ORNAMENTAL FISH (OTHER THAN FRESHWATER),NMB,TAIWAN," 2,996.00 "," 22,104.94 "
301190000,LIVE ORNAMENTAL FISH (OTHER THAN FRESHWATER),NMB,GERMANY," 14,552.00 "," 448,105.46 "
301190000,LIVE ORNAMENTAL FISH (OTHER THAN FRESHWATER),NMB,PORTUGAL," 10,876.00 "," 334,906.73 "
301190000,LIVE ORNAMENTAL FISH (OTHER THAN FRESHWATER),NMB,QATAR, 143.00 ," 1,101.10 "
301190000,LIVE ORNAMENTAL FISH (OTHER THAN FRESHWATER),NMB,SINGAPORE, 207.00 ," 1,593.64 "
301190000,LIVE ORNAMENTAL FISH (OTHER THAN FRESHWATER),NMB,SWITZERLAND, 452.00 ," 3,480.96 "
301990010,GROUPER (LIVE ),NMB,SRI LANKA, 454.00 ," 3,496.94 "
301990010,GROUPER (LIVE ),NMB,HONG KONG," 140,491.70 "," 7,767,617.75 "
301990099,"OTHER LIVE FISH, NES",NMB,SRI LANKA," 5,481.00 "," 42,189.59 "
301990099,"OTHER LIVE FISH, NES",NMB,JAPAN, 171.00 ," 1,316.27 "
302310000,FRESH OR CHILLED ALBACORE OR LONGFINNED TUNAS,KGM,FRANCE, 29.60 , 911.83 
302320000,FRESH OR CHILLED YELLOWFIN TUNAS,KGM,AUSTRIA," 2,249.51 "," 108,887.62 "
302320000,FRESH OR CHILLED YELLOWFIN TUNAS,KGM,BELGIUM," 37,283.10 "," 3,995,719.74 "
302320000,FRESH OR CHILLED YELLOWFIN TUNAS,KGM,GREAT BRITAIN," 77,077.33 "," 6,790,000.67 "
302320000,FRESH OR CHILLED YELLOWFIN TUNAS,KGM,HONG KONG, 759.70 ," 105,887.45 "
302320000,FRESH OR CHILLED YELLOWFIN TUNAS,KGM,JAPAN," 43,980.15 "," 1,630,142.99 "
302320000,FRESH OR CHILLED YELLOWFIN TUNAS,KGM,KOREAN REPUBLIC OF, 237.64 ," 21,951.44 "
302320000,FRESH OR CHILLED YELLOWFIN TUNAS,KGM,REUNION, 700.27 ," 21,561.31 "
302320000,FRESH OR CHILLED YELLOWFIN TUNAS,KGM,SOUTH AFRICA," 4,877.31 "," 337,115.61 "
302320000,FRESH OR CHILLED YELLOWFIN TUNAS,KGM,SPAIN," 341,160.31 "," 21,676,740.93 "
302320000,FRESH OR CHILLED YELLOWFIN TUNAS,KGM,VIETNAM," 40,628.54 "," 1,658,894.06 "
302320000,FRESH OR CHILLED YELLOWFIN TUNAS,KGM,AUSTRALIA," 61,725.25 "," 6,907,068.51 "
302320000,FRESH OR CHILLED YELLOWFIN TUNAS,KGM,GERMANY," 156,211.76 "," 15,642,124.49 "
302320000,FRESH OR CHILLED YELLOWFIN TUNAS,KGM,IRELAND," 6,810.45 "," 485,063.49 "
302320000,FRESH OR CHILLED YELLOWFIN TUNAS,KGM,NORWAY, 599.45 ," 58,449.64 "
302320000,FRESH OR CHILLED YELLOWFIN TUNAS,KGM,UNITED STATES," 1,420,293.22 "," 122,547,560.27 "
302320000,FRESH OR CHILLED YELLOWFIN TUNAS,KGM,CANADA," 31,174.11 "," 1,589,547.82 "
302320000,FRESH OR CHILLED YELLOWFIN TUNAS,KGM,CHINA," 11,552.50 "," 416,646.25 "
302320000,FRESH OR CHILLED YELLOWFIN TUNAS,KGM,FRANCE," 734,223.04 "," 54,998,196.45 "
302320000,FRESH OR CHILLED YELLOWFIN TUNAS,KGM,NETHERLANDS," 42,300.20 "," 2,290,951.02 "
302320000,FRESH OR CHILLED YELLOWFIN TUNAS,KGM,PHILIPPINES, 5.00 , 76.99 
302320000,FRESH OR CHILLED YELLOWFIN TUNAS,KGM,POLAND," 1,877.97 "," 64,046.55 "
302320000,FRESH OR CHILLED YELLOWFIN TUNAS,KGM,SINGAPORE," 1,254.00 "," 38,616.36 "
302320000,FRESH OR CHILLED YELLOWFIN TUNAS,KGM,SRI LANKA," 809,685.01 "," 33,405,228.82 "
302320000,FRESH OR CHILLED YELLOWFIN TUNAS,KGM,THAILAND," 31,414.40 "," 1,448,550.33 "
302320000,FRESH OR CHILLED YELLOWFIN TUNAS,KGM,ITALY," 135,350.57 "," 12,524,914.97 "
302320000,FRESH OR CHILLED YELLOWFIN TUNAS,KGM,QATAR, 565.57 ," 68,936.43 "
302320000,FRESH OR CHILLED YELLOWFIN TUNAS,KGM,SWITZERLAND," 16,225.84 "," 2,133,948.05 "
302320000,FRESH OR CHILLED YELLOWFIN TUNAS,KGM,UKRAINE," 2,974.08 "," 406,971.65 "
302320000,FRESH OR CHILLED YELLOWFIN TUNAS,KGM,UNITED ARAB EMIRATES," 79,982.43 "," 3,771,905.07 "
302330000,FRESH OR CHILLED SKIPJACK OR STRIPE-BELLIED BONITO,KGM,GERMANY, 14.44 , 444.54 
302330000,FRESH OR CHILLED SKIPJACK OR STRIPE-BELLIED BONITO,KGM,PHILIPPINES, 60.96 , 938.63 
302340000,FRESH OR CHILLED BIGEYE TUNAS (THUNNUS OBESUS),KGM,CANADA," 1,130.00 "," 34,790.93 "
302340000,FRESH OR CHILLED BIGEYE TUNAS (THUNNUS OBESUS),KGM,JAPAN, 452.00 ," 47,297.96 "
302340000,FRESH OR CHILLED BIGEYE TUNAS (THUNNUS OBESUS),KGM,UNITED STATES," 71,853.25 "," 6,319,867.63 "
302340000,FRESH OR CHILLED BIGEYE TUNAS (THUNNUS OBESUS),KGM,FRANCE, 501.00 ," 51,147.42 "
302340000,FRESH OR CHILLED BIGEYE TUNAS (THUNNUS OBESUS),KGM,NETHERLANDS, 297.00 ," 9,150.57 "
302340000,FRESH OR CHILLED BIGEYE TUNAS (THUNNUS OBESUS),KGM,THAILAND," 12,508.00 "," 362,762.52 "
302340000,FRESH OR CHILLED BIGEYE TUNAS (THUNNUS OBESUS),KGM,SINGAPORE, 583.00 ," 17,955.99 "
302390000,"FRESH OR CHILLED TUNAS, NES",KGM,UNITED STATES, 346.80 ," 21,349.01 "
302470000,FRESH OR CHILLED SWORDFISH (XIPHIAS GLADIUS),KGM,JAPAN, 297.00 ," 9,147.60 "
302470000,FRESH OR CHILLED SWORDFISH (XIPHIAS GLADIUS),KGM,THAILAND," 1,046.00 "," 32,216.80 "
302470000,FRESH OR CHILLED SWORDFISH (XIPHIAS GLADIUS),KGM,UNITED STATES," 11,496.50 "," 515,557.24 "
302890010,FRESH OR CHILLED GROUPER,KGM,CANADA, 430.77 ," 13,267.93 "
302890010,FRESH OR CHILLED GROUPER,KGM,HONG KONG," 248,784.26 "," 9,697,673.79 "
302890010,FRESH OR CHILLED GROUPER,KGM,RUSSIA, 13.10 ," 1,789.00 "
302890010,FRESH OR CHILLED GROUPER,KGM,TAIWAN," 620,236.93 "," 32,614,427.23 "
302890010,FRESH OR CHILLED GROUPER,KGM,UNITED ARAB EMIRATES, 6.37 , 196.20 
302890010,FRESH OR CHILLED GROUPER,KGM,UNITED STATES, 77.99 ," 2,401.48 "
302890012,FRESH OR CHILLED SEER (KURUMAS),KGM,CANADA, 121.61 ," 3,745.79 "
302890012,FRESH OR CHILLED SEER (KURUMAS),KGM,UNITED ARAB EMIRATES, 16.35 , 503.58 
302890012,FRESH OR CHILLED SEER (KURUMAS),KGM,SRI LANKA, 250.00 ," 19,638.18 "
302890013,REEF FISH (FRESH OR CHILLED),KGM,FRANCE, 56.90 ," 1,752.24 "
302890013,REEF FISH (FRESH OR CHILLED),KGM,HONG KONG, 23.40 , 360.24 
302890013,REEF FISH (FRESH OR CHILLED),KGM,UNITED STATES, 987.26 ," 30,405.95 "
302890013,REEF FISH (FRESH OR CHILLED),KGM,PHILIPPINES, 10.50 , 161.67 
302890013,REEF FISH (FRESH OR CHILLED),KGM,CANADA," 1,614.17 "," 49,718.66 "
302890013,REEF FISH (FRESH OR CHILLED),KGM,RUSSIA, 492.06 ," 73,627.97 "
302890013,REEF FISH (FRESH OR CHILLED),KGM,SRI LANKA," 1,094.76 "," 37,090.73 "
302890013,REEF FISH (FRESH OR CHILLED),KGM,UNITED ARAB EMIRATES, 276.11 ," 8,502.36 "
303410000,FROZEN ALBACORE OR LONGFINNED TUNAS,KGM,VIETNAM," 24,746.01 "," 1,033,706.60 "
303410000,FROZEN ALBACORE OR LONGFINNED TUNAS,KGM,SRI LANKA," 3,210.00 "," 49,409.92 "
303420010,YELLOWFIN TUNA (FROZEN),KGM,GERMANY, 22.00 ," 1,354.98 "
303420010,YELLOWFIN TUNA (FROZEN),KGM,SINGAPORE, 58.00 ," 1,786.40 "
303420010,YELLOWFIN TUNA (FROZEN),KGM,SPAIN," 165,863.50 "," 3,860,277.74 "
303420010,YELLOWFIN TUNA (FROZEN),KGM,FRANCE," 45,506.60 "," 1,178,176.90 "
303420010,YELLOWFIN TUNA (FROZEN),KGM,GREAT BRITAIN, 172.74 ," 5,318.65 "
303420010,YELLOWFIN TUNA (FROZEN),KGM,KOREAN REPUBLIC OF," 100,000.00 "," 5,452,400.97 "
303420010,YELLOWFIN TUNA (FROZEN),KGM,NETHERLANDS," 39,679.95 "," 520,306.70 "
303420010,YELLOWFIN TUNA (FROZEN),KGM,THAILAND," 5,028,021.60 "," 147,381,619.71 "
303420010,YELLOWFIN TUNA (FROZEN),KGM,UNITED ARAB EMIRATES, 335.60 ," 30,997.36 "
303420010,YELLOWFIN TUNA (FROZEN),KGM,VIETNAM," 248,443.49 "," 8,593,115.89 "
303420010,YELLOWFIN TUNA (FROZEN),KGM,HONG KONG, 45.10 ," 2,388.23 "
303420010,YELLOWFIN TUNA (FROZEN),KGM,JAPAN," 120,000.00 "," 4,987,656.00 "
303420010,YELLOWFIN TUNA (FROZEN),KGM,UNITED STATES," 98,441.96 "," 2,556,896.34 "
303420010,YELLOWFIN TUNA (FROZEN),KGM,COSTA RICA," 239,671.50 "," 12,232,266.31 "
303420010,YELLOWFIN TUNA (FROZEN),KGM,ITALY, 577.05 ," 17,766.64 "
303420010,YELLOWFIN TUNA (FROZEN),KGM,PHILIPPINES," 115,694.51 "," 1,505,599.09 "
303420010,YELLOWFIN TUNA (FROZEN),KGM,RUSSIA, 35.20 ," 11,379.98 "
303420010,YELLOWFIN TUNA (FROZEN),KGM,SRI LANKA," 3,402.00 "," 73,347.12 "
303420011,YELLOWFIN TUNA HEAD (FROZEN),KGM,FRANCE, 79.37 ," 2,445.39 "
303420011,YELLOWFIN TUNA HEAD (FROZEN),KGM,PHILIPPINES," 3,529.35 "," 19,560.43 "
303420012,"YELLOWFIN TUNA SKIN EDIBLE (FROZEN) ""THUNNUS ALABACARES""",KGM,GREAT BRITAIN, 32.51 ," 1,000.98 "
303430000,FROZEN SKIPJACK OR STRIPE-BELLIED BONITO,KGM,KOREAN REPUBLIC OF," 520,000.00 "," 14,401,508.31 "
303430000,FROZEN SKIPJACK OR STRIPE-BELLIED BONITO,KGM,MAURITIUS," 46,590.26 "," 1,226,030.97 "
303430000,FROZEN SKIPJACK OR STRIPE-BELLIED BONITO,KGM,SPAIN," 862,597.80 "," 24,601,858.31 "
303430000,FROZEN SKIPJACK OR STRIPE-BELLIED BONITO,KGM,VIETNAM," 488,182.70 "," 11,026,823.81 "
303430000,FROZEN SKIPJACK OR STRIPE-BELLIED BONITO,KGM,SRI LANKA," 4,800.00 "," 73,920.00 "
303430000,FROZEN SKIPJACK OR STRIPE-BELLIED BONITO,KGM,THAILAND," 35,942,082.60 "," 858,327,030.03 "
303440010,BIGEYE TUNA (FROZEN),KGM,VIETNAM," 61,631.00 "," 2,747,378.36 "
303440010,BIGEYE TUNA (FROZEN),KGM,SRI LANKA," 20,000.00 "," 473,611.86 "
303460000,FROZEN OR CHILLED SOUTHERN BLUEFIN TUNAS (THUNNUS MACCOYII),KGM,VIETNAM, 500.00 ," 11,546.25 "
303490000,"FROZEN TUNAS, NES",KGM,THAILAND," 74,021.00 "," 1,466,097.93 "
303490000,"FROZEN TUNAS, NES",KGM,VIETNAM," 286,129.32 "," 9,022,195.29 "
303570000,FROZEN SWORDFISH (XIPHIAS GLADIUS),KGM,CHINA," 20,471.00 "," 315,202.22 "
303570000,FROZEN SWORDFISH (XIPHIAS GLADIUS),KGM,TAIWAN," 25,000.00 "," 1,586,619.12 "
303570000,FROZEN SWORDFISH (XIPHIAS GLADIUS),KGM,SRI LANKA," 25,159.00 "," 542,428.04 "
303570000,FROZEN SWORDFISH (XIPHIAS GLADIUS),KGM,THAILAND," 17,665.00 "," 380,822.51 "
303570000,FROZEN SWORDFISH (XIPHIAS GLADIUS),KGM,UNITED STATES, 127.00 ," 3,909.06 "
303570000,FROZEN SWORDFISH (XIPHIAS GLADIUS),KGM,VIETNAM," 363,521.60 "," 12,829,651.50 "
303590000,"FROZEN INDIAN MACKERELS, SEERFISHES, JACKS, CREVALLES, SILVER POMFRETS, ... NES",KGM,VIETNAM," 81,794.57 "," 1,617,015.73 "
303590000,"FROZEN INDIAN MACKERELS, SEERFISHES, JACKS, CREVALLES, SILVER POMFRETS, ... NES",KGM,SRI LANKA," 53,926.00 "," 1,117,513.73 "
303890010,FROZEN GROUPER,KGM,MALAYSIA, 93.58 ," 1,440.90 "
303890012,FROZEN MARLIN,KGM,SRI LANKA," 147,923.00 "," 3,701,954.84 "
303890012,FROZEN MARLIN,KGM,THAILAND, 981.00 ," 30,204.99 "
303890012,FROZEN MARLIN,KGM,VIETNAM," 262,057.67 "," 6,497,768.01 "
303890098,FROZEN FISH NES,KGM,VIETNAM," 5,880.00 "," 135,758.55 "
303890099,FROZEN REEF FISH NES,KGM,SRI LANKA," 6,264.00 "," 115,695.68 "
303890099,FROZEN REEF FISH NES,KGM,VIETNAM," 105,115.89 "," 2,092,247.55 "
303990000,OTHER FROZEN EDIBLE FISH OFFAL,KGM,PHILIPPINES," 21,660.00 "," 617,034.41 "
304491010,FRESH OR CHILLED SKIPJACK FILLET,KGM,FRANCE, 98.20 ," 20,835.04 "
304491011,YELLOWFIN TUNA FILLET (FRESH OR CHILLED),KGM,FRANCE," 9,525.23 "," 293,562.13 "
304491011,YELLOWFIN TUNA FILLET (FRESH OR CHILLED),KGM,ITALY, 756.70 ," 48,045.86 "
304491011,YELLOWFIN TUNA FILLET (FRESH OR CHILLED),KGM,RUSSIA, 92.30 ," 25,363.65 "
304491011,YELLOWFIN TUNA FILLET (FRESH OR CHILLED),KGM,GERMANY," 9,104.73 "," 612,710.70 "
304491011,YELLOWFIN TUNA FILLET (FRESH OR CHILLED),KGM,NORWAY, 150.61 ," 9,277.27 "
304491011,YELLOWFIN TUNA FILLET (FRESH OR CHILLED),KGM,SINGAPORE, 10.16 ," 1,251.71 "
304491011,YELLOWFIN TUNA FILLET (FRESH OR CHILLED),KGM,SPAIN," 1,000.00 "," 30,800.00 "
304491011,YELLOWFIN TUNA FILLET (FRESH OR CHILLED),KGM,SWITZERLAND, 721.73 ," 399,801.95 "
304491013,YELLOWFIN TUNA LOINS (FRESH OR CHILED),KGM,CANADA," 6,763.79 "," 433,330.20 "
304491013,YELLOWFIN TUNA LOINS (FRESH OR CHILED),KGM,IRELAND," 114,221.91 "," 9,394,148.34 "
304491013,YELLOWFIN TUNA LOINS (FRESH OR CHILED),KGM,NETHERLANDS," 54,353.82 "," 2,973,674.12 "
304491013,YELLOWFIN TUNA LOINS (FRESH OR CHILED),KGM,SRI LANKA," 11,071.37 "," 340,887.48 "
304491013,YELLOWFIN TUNA LOINS (FRESH OR CHILED),KGM,THAILAND," 37,041.77 "," 3,497,788.82 "
304491013,YELLOWFIN TUNA LOINS (FRESH OR CHILED),KGM,UNITED STATES," 37,622.02 "," 2,886,060.73 "
304491013,YELLOWFIN TUNA LOINS (FRESH OR CHILED),KGM,AUSTRALIA," 1,464.11 "," 152,825.08 "
304491013,YELLOWFIN TUNA LOINS (FRESH OR CHILED),KGM,AUSTRIA, 84.97 ," 2,615.83 "
304491013,YELLOWFIN TUNA LOINS (FRESH OR CHILED),KGM,HONG KONG," 6,276.43 "," 1,157,496.63 "
304491013,YELLOWFIN TUNA LOINS (FRESH OR CHILED),KGM,ITALY," 323,051.67 "," 25,751,652.30 "
304491013,YELLOWFIN TUNA LOINS (FRESH OR CHILED),KGM,REUNION," 21,988.84 "," 677,141.42 "
304491013,YELLOWFIN TUNA LOINS (FRESH OR CHILED),KGM,SOUTH AFRICA," 4,847.31 "," 229,463.00 "
304491013,YELLOWFIN TUNA LOINS (FRESH OR CHILED),KGM,BELGIUM," 6,590.84 "," 1,006,821.41 "
304491013,YELLOWFIN TUNA LOINS (FRESH OR CHILED),KGM,FRANCE," 754,664.69 "," 75,844,935.02 "
304491013,YELLOWFIN TUNA LOINS (FRESH OR CHILED),KGM,GREAT BRITAIN," 254,769.66 "," 26,711,026.59 "
304491013,YELLOWFIN TUNA LOINS (FRESH OR CHILED),KGM,POLAND," 4,355.76 "," 984,545.68 "
304491013,YELLOWFIN TUNA LOINS (FRESH OR CHILED),KGM,QATAR, 242.85 ," 57,064.29 "
304491013,YELLOWFIN TUNA LOINS (FRESH OR CHILED),KGM,SPAIN," 24,219.81 "," 436,324.81 "
304491013,YELLOWFIN TUNA LOINS (FRESH OR CHILED),KGM,SWITZERLAND," 75,982.89 "," 15,651,705.53 "
304491013,YELLOWFIN TUNA LOINS (FRESH OR CHILED),KGM,UKRAINE, 109.28 ," 9,651.96 "
304491013,YELLOWFIN TUNA LOINS (FRESH OR CHILED),KGM,UNITED ARAB EMIRATES," 22,387.47 "," 3,372,708.86 "
304491013,YELLOWFIN TUNA LOINS (FRESH OR CHILED),KGM,VIETNAM," 2,011.06 "," 130,041.54 "
304491013,YELLOWFIN TUNA LOINS (FRESH OR CHILED),KGM,CHINA, 366.20 ," 11,367.70 "
304491013,YELLOWFIN TUNA LOINS (FRESH OR CHILED),KGM,GERMANY," 434,781.28 "," 42,643,346.22 "
304491013,YELLOWFIN TUNA LOINS (FRESH OR CHILED),KGM,NORWAY," 1,545.22 "," 93,544.60 "
304491013,YELLOWFIN TUNA LOINS (FRESH OR CHILED),KGM,SINGAPORE," 1,073.23 "," 57,012.44 "
304491016,TUNA LOINS(RESH OR CHILLED),KGM,FRANCE, 360.88 ," 11,116.91 "
304491016,TUNA LOINS(RESH OR CHILLED),KGM,GREAT BRITAIN, 456.21 ," 14,053.55 "
304491016,TUNA LOINS(RESH OR CHILLED),KGM,CANADA, 654.55 ," 32,447.27 "
304491017,BIGEYE TUNA LOINS (FRESH OR CHILLED),KGM,SINGAPORE, 104.40 ," 3,213.95 "
304491017,BIGEYE TUNA LOINS (FRESH OR CHILLED),KGM,THAILAND, 853.00 ," 26,263.87 "
304491017,BIGEYE TUNA LOINS (FRESH OR CHILLED),KGM,FRANCE," 4,906.67 "," 893,799.93 "
304491017,BIGEYE TUNA LOINS (FRESH OR CHILLED),KGM,NETHERLANDS," 3,232.10 "," 235,393.35 "
304491017,BIGEYE TUNA LOINS (FRESH OR CHILLED),KGM,UNITED STATES," 1,177.00 "," 181,199.15 "
304491019,YELLOWFIN TUNA CHUNK (FRESH OR CHILLED),KGM,DENMARK, 467.05 ," 14,380.47 "
304491019,YELLOWFIN TUNA CHUNK (FRESH OR CHILLED),KGM,ITALY," 556,842.69 "," 59,470,782.10 "
304491019,YELLOWFIN TUNA CHUNK (FRESH OR CHILLED),KGM,POLAND," 23,141.38 "," 4,115,857.35 "
304491019,YELLOWFIN TUNA CHUNK (FRESH OR CHILLED),KGM,SWITZERLAND," 153,526.92 "," 27,906,559.92 "
304491019,YELLOWFIN TUNA CHUNK (FRESH OR CHILLED),KGM,UKRAINE, 393.72 ," 12,121.72 "
304491019,YELLOWFIN TUNA CHUNK (FRESH OR CHILLED),KGM,UNITED ARAB EMIRATES," 13,639.23 "," 2,893,916.85 "
304491019,YELLOWFIN TUNA CHUNK (FRESH OR CHILLED),KGM,GERMANY," 349,299.35 "," 47,980,915.81 "
304491019,YELLOWFIN TUNA CHUNK (FRESH OR CHILLED),KGM,NORWAY," 4,379.68 "," 1,141,411.78 "
304491019,YELLOWFIN TUNA CHUNK (FRESH OR CHILLED),KGM,UNITED STATES," 145,359.54 "," 9,416,516.40 "
304491019,YELLOWFIN TUNA CHUNK (FRESH OR CHILLED),KGM,CANADA, 682.15 ," 33,804.44 "
304491019,YELLOWFIN TUNA CHUNK (FRESH OR CHILLED),KGM,NETHERLANDS," 56,291.85 "," 2,544,925.46 "
304491019,YELLOWFIN TUNA CHUNK (FRESH OR CHILLED),KGM,NEW ZEALAND, 49.98 ," 17,696.02 "
304491019,YELLOWFIN TUNA CHUNK (FRESH OR CHILLED),KGM,THAILAND," 2,587.30 "," 164,911.28 "
304491019,YELLOWFIN TUNA CHUNK (FRESH OR CHILLED),KGM,AUSTRALIA," 14,683.95 "," 1,317,347.31 "
304491019,YELLOWFIN TUNA CHUNK (FRESH OR CHILLED),KGM,AUSTRIA," 1,281.70 "," 39,467.26 "
304491019,YELLOWFIN TUNA CHUNK (FRESH OR CHILLED),KGM,BELGIUM," 16,175.34 "," 3,171,218.04 "
304491019,YELLOWFIN TUNA CHUNK (FRESH OR CHILLED),KGM,FRANCE," 437,352.94 "," 52,001,188.01 "
304491019,YELLOWFIN TUNA CHUNK (FRESH OR CHILLED),KGM,GREAT BRITAIN," 33,135.78 "," 2,332,746.90 "
304491019,YELLOWFIN TUNA CHUNK (FRESH OR CHILLED),KGM,HONG KONG," 78,154.45 "," 405,468.80 "
304491019,YELLOWFIN TUNA CHUNK (FRESH OR CHILLED),KGM,SPAIN," 31,835.40 "," 1,084,228.26 "
304491019,YELLOWFIN TUNA CHUNK (FRESH OR CHILLED),KGM,SWEDEN, 560.24 ," 60,403.68 "
304491019,YELLOWFIN TUNA CHUNK (FRESH OR CHILLED),KGM,VIETNAM, 19.27 , 166.17 
304491021,YELLOWFIN TUNA STEAK (FRESH OR CHILLED),KGM,GERMANY," 12,730.24 "," 881,662.00 "
304491021,YELLOWFIN TUNA STEAK (FRESH OR CHILLED),KGM,FRANCE, 12.45 , 766.67 
304491021,YELLOWFIN TUNA STEAK (FRESH OR CHILLED),KGM,AUSTRALIA, 10.02 , 154.26 
304491099,TUNA FILLETS (FRESH OR CHILLED) NES,KGM,ITALY, 91.85 ," 6,252.46 "
304491099,TUNA FILLETS (FRESH OR CHILLED) NES,KGM,GERMANY, 77.22 ," 5,241.80 "
304499011,FRESH OR CHILLED GROUPER FILLET,KGM,RUSSIA, 18.10 ," 3,204.47 "
304499013,REEF FISH LOIN (FRESH OR CHILLED),KGM,FRANCE, 408.87 ," 12,593.20 "
304499099,FISH FILLETS (FRESH OR CHILLED) OTHER THAN TUNA,KGM,SRI LANKA, 60.50 ," 3,726.80 "
304591012,BELLY FLAP (BIGEYE TUNA) FRESH OR CHILLED,KGM,FRANCE, 6.06 , 186.62 
304591013,BELLY FLAP (YELLOWFIN TUNA) FRESH OR CHILLED,KGM,BELGIUM, 5.56 , 385.21 
304591013,BELLY FLAP (YELLOWFIN TUNA) FRESH OR CHILLED,KGM,GERMANY, 486.23 ," 26,171.43 "
304591013,BELLY FLAP (YELLOWFIN TUNA) FRESH OR CHILLED,KGM,SPAIN, 13.30 , 409.47 
304591013,BELLY FLAP (YELLOWFIN TUNA) FRESH OR CHILLED,KGM,SWITZERLAND, 10.13 ," 1,167.60 "
304591013,BELLY FLAP (YELLOWFIN TUNA) FRESH OR CHILLED,KGM,UNITED ARAB EMIRATES, 4.91 , 189.05 
304591013,BELLY FLAP (YELLOWFIN TUNA) FRESH OR CHILLED,KGM,ITALY, 996.99 ," 53,280.57 "
304591013,BELLY FLAP (YELLOWFIN TUNA) FRESH OR CHILLED,KGM,AUSTRIA, 27.57 , 848.70 
304591013,BELLY FLAP (YELLOWFIN TUNA) FRESH OR CHILLED,KGM,FRANCE," 6,704.61 "," 386,409.31 "
304591013,BELLY FLAP (YELLOWFIN TUNA) FRESH OR CHILLED,KGM,HONG KONG, 26.30 ," 2,485.96 "
304591013,BELLY FLAP (YELLOWFIN TUNA) FRESH OR CHILLED,KGM,NETHERLANDS, 18.76 , 577.55 
304591013,BELLY FLAP (YELLOWFIN TUNA) FRESH OR CHILLED,KGM,UNITED STATES, 2.90 , 44.64 
304870011,YELLOWFIN TUNA FILLET (FROZEN),KGM,CHINA," 54,000.00 "," 3,392,046.72 "
304870011,YELLOWFIN TUNA FILLET (FROZEN),KGM,SPAIN," 7,000.00 "," 53,873.75 "
304870011,YELLOWFIN TUNA FILLET (FROZEN),KGM,FRANCE," 20,427.24 "," 323,644.69 "
304870011,YELLOWFIN TUNA FILLET (FROZEN),KGM,UNITED STATES," 63,739.50 "," 4,870,158.94 "
304870012,YELLOWFIN TUNA LOIN (FROZEN),KGM,ITALY," 24,360.00 "," 1,932,897.12 "
304870012,YELLOWFIN TUNA LOIN (FROZEN),KGM,THAILAND," 62,936.65 "," 774,784.82 "
304870012,YELLOWFIN TUNA LOIN (FROZEN),KGM,GERMANY, 24.05 , 370.25 
304870012,YELLOWFIN TUNA LOIN (FROZEN),KGM,SPAIN," 18,038.52 "," 789,782.70 "
304870012,YELLOWFIN TUNA LOIN (FROZEN),KGM,FRANCE," 216,168.00 "," 13,822,946.65 "
304870012,YELLOWFIN TUNA LOIN (FROZEN),KGM,HONG KONG," 10,000.00 "," 153,950.00 "
304870012,YELLOWFIN TUNA LOIN (FROZEN),KGM,NETHERLANDS, 396.10 ," 8,839.23 "
304870012,YELLOWFIN TUNA LOIN (FROZEN),KGM,VIETNAM," 25,000.00 "," 192,375.00 "
304870013,BELLY FLAP (BIGEYE TUNA) FROZEN,KGM,PHILIPPINES," 2,480.00 "," 142,018.89 "
304870014,BELLY FLAP (YELLOWFIN TUNA) FROZEN,KGM,SPAIN," 85,398.00 "," 3,544,041.39 "
304870014,BELLY FLAP (YELLOWFIN TUNA) FROZEN,KGM,COSTA RICA," 44,020.00 "," 2,351,407.76 "
304870014,BELLY FLAP (YELLOWFIN TUNA) FROZEN,KGM,HONG KONG," 10,000.00 "," 153,950.00 "
304870014,BELLY FLAP (YELLOWFIN TUNA) FROZEN,KGM,PHILIPPINES," 83,841.39 "," 2,659,042.66 "
304870015,YELLOWFIN TUNA STEAK (FROZEN),KGM,FRANCE, 8.00 ," 1,847.40 "
304870015,YELLOWFIN TUNA STEAK (FROZEN),KGM,GREAT BRITAIN, 213.74 ," 6,585.33 "
304870015,YELLOWFIN TUNA STEAK (FROZEN),KGM,SPAIN," 1,000.00 "," 134,750.00 "
304870015,YELLOWFIN TUNA STEAK (FROZEN),KGM,NETHERLANDS," 13,400.00 "," 1,979,520.97 "
304870016,YELLOWFIN TUNA CHUNK (FROZEN),KGM,NETHERLANDS, 398.60 ," 9,209.15 "
304870016,YELLOWFIN TUNA CHUNK (FROZEN),KGM,PHILIPPINES," 6,300.00 "," 75,202.71 "
304870016,YELLOWFIN TUNA CHUNK (FROZEN),KGM,THAILAND," 10,860.00 "," 139,829.65 "
304870016,YELLOWFIN TUNA CHUNK (FROZEN),KGM,VIETNAM," 1,000.00 "," 7,695.00 "
304870016,YELLOWFIN TUNA CHUNK (FROZEN),KGM,SRI LANKA," 27,000.00 "," 245,673.97 "
304870016,YELLOWFIN TUNA CHUNK (FROZEN),KGM,FRANCE," 23,000.00 "," 945,145.68 "
304870016,YELLOWFIN TUNA CHUNK (FROZEN),KGM,SPAIN," 5,120.00 "," 65,375.44 "
304870017,LONGFINED TUNA FILLET (FROZEN),KGM,PHILIPPINES," 2,500.00 "," 63,525.00 "
304870018,BIGEYE TUNA LOIN (FROZEN),KGM,THAILAND," 3,000.00 "," 38,801.70 "
304870099,OTHER FROZEN FISH FILLETS OF TUNA NES,KGM,FRANCE," 36,000.00 "," 5,173,350.00 "
305391010,"SKIPJACK FILLET (DRIED,SALTED,BRINE)",KGM,SRI LANKA," 3,990.00 "," 310,963.02 "
305391011,"TUNA FILLET (DRIED,SALTED,IN BRINE BUT NOT SMOKED)",KGM,SRI LANKA," 2,840.00 "," 43,721.80 "
305391012,"YELLOWFIN TUNA LOIN (DRIED,SALTED,IN BRINE) BUT NOT SMOKED",KGM,SRI LANKA," 3,200.00 "," 51,504.63 "
305399099,"REEF FISH FILLET (DRIED,SALTED IN BRINE)",KGM,SRI LANKA," 1,989.82 "," 128,332.52 "
305491010,SKIPJACK (SMOKED),KGM,SRI LANKA," 8,073.00 "," 564,415.29 "
305491010,SKIPJACK (SMOKED),KGM,JAPAN, 684.00 ," 28,793.44 "
305491013,"FISH CHIPS (SKIPJACK,TUNA) SMOKED",KGM,JAPAN, 40.00 ," 1,355.20 "
305499010,FISH CHIPS (REEF FISH) SMOKED,KGM,SRI LANKA, 360.00 ," 16,888.43 "
305499017,"MARLIN (SMOKED)""THALAPATHA""(HIBARU)",KGM,SRI LANKA," 23,680.00 "," 1,085,837.38 "
305499017,"MARLIN (SMOKED)""THALAPATHA""(HIBARU)",KGM,VIETNAM," 2,000.00 "," 27,729.00 "
305499099,FISH FILLET (SMOKED) NOT SPECIFIED,KGM,FRANCE, 5.49 , 169.09 
305591010,SKIPJACK (DRIED),KGM,SRI LANKA," 891,503.90 "," 29,265,389.09 "
305591010,SKIPJACK (DRIED),KGM,JAPAN," 242,689.00 "," 38,264,794.14 "
305591011,SKIPJACK (SALTED DRIED),KGM,SINGAPORE, 125.00 ," 3,849.38 "
305591011,SKIPJACK (SALTED DRIED),KGM,SRI LANKA," 80,221.75 "," 1,739,755.69 "
305591012,TUNA (DRIED),KGM,SRI LANKA," 17,376.70 "," 401,342.48 "
305591013,"BELLY FLAP (TUNA) SALTED, DRIED",KGM,JAPAN, 208.00 ," 8,805.61 "
305591015,"TUNA SALTED ,DRIED",KGM,SRI LANKA," 6,175.00 "," 140,416.54 "
305591016,"SKIPJACK TUNA BELLY FLAP(DRIED,SALTED IN BRINE)",KGM,JAPAN, 472.00 ," 19,984.54 "
305591018,YELLOWFIN TUNA (SALTED DRIED),KGM,SRI LANKA," 6,229.00 "," 406,143.13 "
305591020,FISH CHIPS (SKIPJACK TUNA) DRIED,KGM,SRI LANKA," 2,225.00 "," 76,426.22 "
305591020,FISH CHIPS (SKIPJACK TUNA) DRIED,KGM,JAPAN," 1,725.00 "," 58,427.51 "
305591021,DOG TOOTH TUNA (SALTED) KERAWALLA (VOSHIMAS),KGM,SRI LANKA, 650.00 ," 24,810.99 "
305599010,"REEF FISH (SALTED DRIED) ""MULLET""(HULHUN'BU MAS)",KGM,SINGAPORE, 105.00 ," 3,233.48 "
305599010,"REEF FISH (SALTED DRIED) ""MULLET""(HULHUN'BU MAS)",KGM,SRI LANKA," 28,870.00 "," 639,800.71 "
305599011,"VAHOO (SALTED DRIED) ""SEER"" (KURUMAS)",KGM,SRI LANKA," 7,175.00 "," 436,681.06 "
305599011,"VAHOO (SALTED DRIED) ""SEER"" (KURUMAS)",KGM,CANADA, 56.34 ," 1,734.71 "
305599011,"VAHOO (SALTED DRIED) ""SEER"" (KURUMAS)",KGM,VIETNAM," 3,240.52 "," 59,046.95 "
305599012,"RAINBOW RUNNER (SALTED DRIED)""LENA PARAWA""(MAANIYA MAS)",KGM,SRI LANKA," 22,972.00 "," 759,406.45 "
305599013,"JACK (SALTED DRIED) ""PARAWA""(FANIHAN'DHI)",KGM,SRI LANKA," 11,400.00 "," 437,939.03 "
305599014,"MARLIN (SALTED DRIED) ""THALAPATH""(HIBARU)",KGM,SRI LANKA," 183,593.00 "," 8,291,024.48 "
305599015,"DOLPHIN FISH(SALTED DRIED)""VANNA"" (FIYALA)",KGM,SRI LANKA," 5,632.50 "," 219,222.06 "
305599015,"DOLPHIN FISH(SALTED DRIED)""VANNA"" (FIYALA)",KGM,VIETNAM, 733.00 ," 9,689.74 "
305599016,"GREEN JOB FISH (SALTED DRIED)""GUILA""(GIULHU)",KGM,SRI LANKA," 1,050.00 "," 45,698.80 "
305599020,REEF FISH DRIED (WHETHER OR NOT SALTED),KGM,SINGAPORE, 119.00 ," 3,664.25 "
305599020,REEF FISH DRIED (WHETHER OR NOT SALTED),KGM,SRI LANKA," 6,895.50 "," 178,484.12 "
305599099,DRIED FISH (WHETHER OR NOT SALTED BUT NOT SMOKED) NOT SPECIFIED,KGM,SRI LANKA," 4,249.00 "," 114,738.26 "
305691010,"TUNA (SALTED,IN BRINE)NOT DRIED OR SMOKED",KGM,SRI LANKA," 5,445.00 "," 83,798.68 "
308119000,SEA CUCUMBER (FRESH OR CHILLED),KGM,MALAYSIA, 314.70 ," 72,672.10 "
308190010,"SEA CUCUMBER (FROZEN,SMOKED,SALTED OR IN BRINE)",KGM,SRI LANKA, 615.00 ," 18,932.35 "
308190011,SEA CUCUMBER (DRIED),KGM,HONG KONG," 69,821.66 "," 2,475,948.73 "
308190011,SEA CUCUMBER (DRIED),KGM,MALAYSIA," 2,468.29 "," 297,578.38 "
308190011,SEA CUCUMBER (DRIED),KGM,SRI LANKA," 20,577.90 "," 744,879.33 "
308190011,SEA CUCUMBER (DRIED),KGM,VIETNAM," 2,941.00 "," 45,283.12 "
308190011,SEA CUCUMBER (DRIED),KGM,CHINA," 1,039.00 "," 32,011.59 "
308190011,SEA CUCUMBER (DRIED),KGM,SINGAPORE, 521.90 ," 13,299.56 "
802909099,NUTS (FRESH OR DRIED) NOT SPECIFIED,KGM,BAHRAIN, 910.00 ," 313,926.80 "
807200000,"PAPAWS (PAPAYAS), FRESH",KGM,BAHRAIN, 11.00 , 203.23 
901210000,"ROASTED COFFEE, NOT DECAFFEINATED",KGM,GERMANY, 25.00 , 38.48 
1513190000,"COCONUT (COPRA) OIL (EXCL.CRUDE) &ITS FRACTIONS,REFINED/NOT, NOT CHEMICALLY MODF",LTR,HONG KONG, 25.00 ," 64,669.50 "
1604140010,"TUNA (PREPARED, PRESERVED)",KGM,GERMANY," 84,240.00 "," 4,586,376.60 "
1604140010,"TUNA (PREPARED, PRESERVED)",KGM,GREAT BRITAIN," 83,268.00 "," 7,528,928.61 "
1604140010,"TUNA (PREPARED, PRESERVED)",KGM,NETHERLANDS," 35,983.20 "," 1,981,437.88 "
1604140010,"TUNA (PREPARED, PRESERVED)",KGM,UNITED STATES," 21,096.00 "," 1,122,808.23 "
1604140011,"SKIPJACK (PREPARED, PRESERVED)",KGM,ITALY," 342,720.00 "," 22,328,451.95 "
1604140011,"SKIPJACK (PREPARED, PRESERVED)",KGM,SWITZERLAND," 458,603.00 "," 40,977,975.85 "
1604140011,"SKIPJACK (PREPARED, PRESERVED)",KGM,FINLAND," 58,131.20 "," 4,872,367.32 "
1604140011,"SKIPJACK (PREPARED, PRESERVED)",KGM,GERMANY," 3,264,334.16 "," 241,264,045.43 "
1604140011,"SKIPJACK (PREPARED, PRESERVED)",KGM,SAUDI ARABIA, 35.52 ," 2,638.70 "
1604140011,"SKIPJACK (PREPARED, PRESERVED)",KGM,UNITED STATES," 413,027.20 "," 33,165,264.12 "
1604140011,"SKIPJACK (PREPARED, PRESERVED)",KGM,BELGIUM," 16,320.00 "," 916,002.50 "
1604140011,"SKIPJACK (PREPARED, PRESERVED)",KGM,GREAT BRITAIN," 2,977,067.04 "," 212,109,779.93 "
1604140011,"SKIPJACK (PREPARED, PRESERVED)",KGM,NETHERLANDS," 77,761.40 "," 5,223,099.00 "
1604140014,"YELLOWFIN TUNA (CANNED, PREPARED & PRESERVED)",KGM,GERMANY," 14,532.80 "," 1,164,336.58 "
1604140014,"YELLOWFIN TUNA (CANNED, PREPARED & PRESERVED)",KGM,SAUDI ARABIA, 24.00 ," 2,013.67 "
1604140014,"YELLOWFIN TUNA (CANNED, PREPARED & PRESERVED)",KGM,UNITED STATES," 604,232.80 "," 46,447,790.03 "
1604140014,"YELLOWFIN TUNA (CANNED, PREPARED & PRESERVED)",KGM,SRI LANKA, 177.60 ," 13,543.20 "
2006000099,"VEGETABLES, FRUIT, NUTS, FRUIT PEEL, NES (PRESERVED BY SUGAR)",KGM,BAHRAIN, 4.00 , 307.92 
2008110099,GROUND NUTS PREPARED OR PRESERVED,KGM,BAHRAIN, 2.00 , 153.96 
2301200000,"FLOURS, MEALS AND PELLETS OF FISH, ETC, UNFIT FOR HUMAN CONSUMPTION",KGM,BANGLADESH," 3,212,825.00 "," 32,866,056.65 "
2301200000,"FLOURS, MEALS AND PELLETS OF FISH, ETC, UNFIT FOR HUMAN CONSUMPTION",KGM,SRI LANKA," 1,250,925.00 "," 6,930,673.89 "
2301200000,"FLOURS, MEALS AND PELLETS OF FISH, ETC, UNFIT FOR HUMAN CONSUMPTION",KGM,SINGAPORE," 228,000.00 "," 2,925,050.00 "
2301200000,"FLOURS, MEALS AND PELLETS OF FISH, ETC, UNFIT FOR HUMAN CONSUMPTION",KGM,INDONESIA," 627,000.00 "," 8,113,180.02 "
2505900014,"NATURAL SAND (EXCL, RIVER SAND)",TNE,UNITED ARAB EMIRATES, 0.12 ," 3,817.34 "
2505900015,WHITE SAND,TNE,GERMANY, 0.03 , 4.62 
2710990000,"WASTE OIL, NES",TNE,INDIA, 609.20 ," 404,964.70 "
3915900000,"WASTE, PARINGS AND SCRAP, OF OTHER PLASTICS, NES",KGM,SRI LANKA," 20,690.50 "," 306,957.18 "
3915900000,"WASTE, PARINGS AND SCRAP, OF OTHER PLASTICS, NES",KGM,TAIWAN," 168,000.00 "," 440,728.58 "
3924100000,"TABLEWARE AND KITCHENWARE OF PLASTICS,NES",NMB,JAPAN, 312.00 ," 1,201.20 "
3924100000,"TABLEWARE AND KITCHENWARE OF PLASTICS,NES",NMB,KOREAN REPUBLIC OF, 200.00 , 769.75 
3924100000,"TABLEWARE AND KITCHENWARE OF PLASTICS,NES",NMB,THAILAND, 100.00 , 307.85 
3924100000,"TABLEWARE AND KITCHENWARE OF PLASTICS,NES",NMB,FRANCE, 50.00 , 192.50 
3924100000,"TABLEWARE AND KITCHENWARE OF PLASTICS,NES",NMB,ITALY, 200.00 , 769.62 
3924100000,"TABLEWARE AND KITCHENWARE OF PLASTICS,NES",NMB,GERMANY," 2,230.00 "," 8,189.92 "
3924100000,"TABLEWARE AND KITCHENWARE OF PLASTICS,NES",NMB,SWITZERLAND, 200.00 , 616.00 
3924100000,"TABLEWARE AND KITCHENWARE OF PLASTICS,NES",NMB,UNITED ARAB EMIRATES, 700.00 ," 2,694.30 "
3926100000,OFFICE OR SCHOOL SUPPLIES OF PLASTICS,NMB,JAPAN, 30.00 , 770.00 
3926100000,OFFICE OR SCHOOL SUPPLIES OF PLASTICS,NMB,FRANCE, 100.00 , 154.00 
3926909013,"ARTICLES OF PLASTIC,NES",KGM,TAIWAN," 62,000.00 "," 340,004.08 "
4016990011,RUBBER BAND,KGM,FRANCE," 1,000.00 "," 5,390.00 "
4016990011,RUBBER BAND,KGM,KOREAN REPUBLIC OF," 1,000.00 "," 5,388.25 "
4016990011,RUBBER BAND,KGM,TURKEY," 1,000.00 "," 1,540.00 "
4016990011,RUBBER BAND,KGM,SWITZERLAND, 7.50 ," 1,540.00 "
4016990011,RUBBER BAND,KGM,GERMANY," 5,018.00 "," 35,559.47 "
4016990011,RUBBER BAND,KGM,JAPAN, 0.80 ," 4,312.00 "
4016990011,RUBBER BAND,KGM,ITALY, 400.00 ," 2,154.95 "
4016990011,RUBBER BAND,KGM,UNITED ARAB EMIRATES, 8.00 ," 8,621.76 "
4202120000,"TRUNKS, SUIT-CASES..., ETC, WITH OUTER SURFACE OF PLASTIC OR TEXTILES",NMB,FRANCE," 2,200.00 "," 10,164.00 "
4202120000,"TRUNKS, SUIT-CASES..., ETC, WITH OUTER SURFACE OF PLASTIC OR TEXTILES",NMB,JAPAN," 2,580.00 "," 11,919.60 "
4202120000,"TRUNKS, SUIT-CASES..., ETC, WITH OUTER SURFACE OF PLASTIC OR TEXTILES",NMB,THAILAND, 200.00 , 615.71 
4202920000,"CASES AND CONTAINERS, NES, WITH OUTER SURFACE OF SHEETINGOF PLASTIC OR TEXTILES",NMB,ITALY," 1,000.00 "," 3,078.50 "
4202920000,"CASES AND CONTAINERS, NES, WITH OUTER SURFACE OF SHEETINGOF PLASTIC OR TEXTILES",NMB,JAPAN, 900.00 ," 2,772.00 "
4202920000,"CASES AND CONTAINERS, NES, WITH OUTER SURFACE OF SHEETINGOF PLASTIC OR TEXTILES",NMB,FRANCE, 850.00 ," 2,618.00 "
4202920000,"CASES AND CONTAINERS, NES, WITH OUTER SURFACE OF SHEETINGOF PLASTIC OR TEXTILES",NMB,KOREAN REPUBLIC OF, 800.00 ," 2,463.20 "
4202920000,"CASES AND CONTAINERS, NES, WITH OUTER SURFACE OF SHEETINGOF PLASTIC OR TEXTILES",NMB,SWITZERLAND," 2,100.00 "," 6,468.00 "
4202920000,"CASES AND CONTAINERS, NES, WITH OUTER SURFACE OF SHEETINGOF PLASTIC OR TEXTILES",NMB,THAILAND, 100.00 , 307.85 
4202920000,"CASES AND CONTAINERS, NES, WITH OUTER SURFACE OF SHEETINGOF PLASTIC OR TEXTILES",NMB,UNITED ARAB EMIRATES," 2,800.00 "," 8,621.76 "
4202920000,"CASES AND CONTAINERS, NES, WITH OUTER SURFACE OF SHEETINGOF PLASTIC OR TEXTILES",NMB,TURKEY," 1,500.00 "," 4,620.00 "
4202920000,"CASES AND CONTAINERS, NES, WITH OUTER SURFACE OF SHEETINGOF PLASTIC OR TEXTILES",NMB,GERMANY," 8,900.00 "," 27,401.65 "
4421990010,ARTICLES OF WOOD NES,NMB,SPAIN, 1.50 , 23.10 
4421990010,ARTICLES OF WOOD NES,NMB,THAILAND, 1.00 , 46.20 
4707300000,RECOVERED (WASTE/SCRAP) PAPER OR PAPERBOARD MADE MAINLY OF MECHANICAL PULP,KGM,INDIA," 220,000.00 "," 347,120.00 "
4817300011,PAPER BOX (NEW),NMB,ITALY, 10.00 , 38.48 
4817300011,PAPER BOX (NEW),NMB,SWITZERLAND, 10.00 , 38.50 
4817300011,PAPER BOX (NEW),NMB,THAILAND, 10.00 , 38.48 
4817300011,PAPER BOX (NEW),NMB,UNITED ARAB EMIRATES, 48.00 , 184.75 
4817300011,PAPER BOX (NEW),NMB,GERMANY, 92.00 , 346.37 
4817300011,PAPER BOX (NEW),NMB,JAPAN, 28.00 , 107.80 
4817300011,PAPER BOX (NEW),NMB,TURKEY, 20.00 , 77.00 
4817300011,PAPER BOX (NEW),NMB,FRANCE, 24.00 , 92.40 
4817300011,PAPER BOX (NEW),NMB,KOREAN REPUBLIC OF, 10.00 , 38.49 
4819100000,"CARTONS, BOXES AND CASES, OF CORRUGATED PAPER OR PAPERBOARD",NMB,FRANCE, 50.00 , 115.44 
4820100000,"REGISTERS, ACCOUNT BOOKS,ORDER AND RECEIPT BOOKS, NOTE BOOKS, LETTER PADS OF PAPER",NMB,GERMANY," 1,360.00 "," 4,187.04 "
4820100000,"REGISTERS, ACCOUNT BOOKS,ORDER AND RECEIPT BOOKS, NOTE BOOKS, LETTER PADS OF PAPER",NMB,KOREAN REPUBLIC OF, 200.00 , 615.80 
4820100000,"REGISTERS, ACCOUNT BOOKS,ORDER AND RECEIPT BOOKS, NOTE BOOKS, LETTER PADS OF PAPER",NMB,FRANCE, 60.00 , 184.80 
4820100000,"REGISTERS, ACCOUNT BOOKS,ORDER AND RECEIPT BOOKS, NOTE BOOKS, LETTER PADS OF PAPER",NMB,SWITZERLAND, 50.00 , 154.00 
4820100000,"REGISTERS, ACCOUNT BOOKS,ORDER AND RECEIPT BOOKS, NOTE BOOKS, LETTER PADS OF PAPER",NMB,ITALY, 20.00 , 61.57 
4820100000,"REGISTERS, ACCOUNT BOOKS,ORDER AND RECEIPT BOOKS, NOTE BOOKS, LETTER PADS OF PAPER",NMB,JAPAN, 50.00 , 154.00 
4820100000,"REGISTERS, ACCOUNT BOOKS,ORDER AND RECEIPT BOOKS, NOTE BOOKS, LETTER PADS OF PAPER",NMB,THAILAND, 100.00 , 307.85 
4820100000,"REGISTERS, ACCOUNT BOOKS,ORDER AND RECEIPT BOOKS, NOTE BOOKS, LETTER PADS OF PAPER",NMB,UNITED ARAB EMIRATES, 400.00 ," 1,231.68 "
4820300000,BINDERS (OTHER THAN BOOK COVERS) FOLDERS & FILE COVERS OF PAPER/PAPERBOARD,NMB,GERMANY, 500.00 ," 1,539.25 "
4823900012,"ARTICLES OF PAPER,NES",NMB,UNITED STATES," 1,755.00 "," 2,701.38 "
4823900012,"ARTICLES OF PAPER,NES",NMB,UNITED ARAB EMIRATES, 10.00 , 15.40 
4901100000,"PRINTED BOOKS, BROCHURES, LEAFLETS, ETC, IN SINGLE SHEETS",NMB,FRANCE," 1,700.00 "," 5,236.00 "
4901100000,"PRINTED BOOKS, BROCHURES, LEAFLETS, ETC, IN SINGLE SHEETS",NMB,TURKEY, 350.00 ," 1,078.00 "
4901100000,"PRINTED BOOKS, BROCHURES, LEAFLETS, ETC, IN SINGLE SHEETS",NMB,ITALY, 900.00 ," 2,770.65 "
4901100000,"PRINTED BOOKS, BROCHURES, LEAFLETS, ETC, IN SINGLE SHEETS",NMB,GERMANY," 9,400.00 "," 28,939.30 "
4901100000,"PRINTED BOOKS, BROCHURES, LEAFLETS, ETC, IN SINGLE SHEETS",NMB,UNITED ARAB EMIRATES," 1,800.00 "," 5,542.56 "
4901990099,"BROCHURES, LEAFLETS AND SIMILAR PRINTED MATTER, ( EXCL. SINGLE SHEETS)",NMB,UNITED ARAB EMIRATES, 200.00 , 615.84 
4901990099,"BROCHURES, LEAFLETS AND SIMILAR PRINTED MATTER, ( EXCL. SINGLE SHEETS)",NMB,SWITZERLAND," 1,200.00 "," 3,696.00 "
4901990099,"BROCHURES, LEAFLETS AND SIMILAR PRINTED MATTER, ( EXCL. SINGLE SHEETS)",NMB,JAPAN," 2,400.00 "," 7,392.00 "
4901990099,"BROCHURES, LEAFLETS AND SIMILAR PRINTED MATTER, ( EXCL. SINGLE SHEETS)",NMB,GERMANY, 325.00 ," 1,001.00 "
4901990099,"BROCHURES, LEAFLETS AND SIMILAR PRINTED MATTER, ( EXCL. SINGLE SHEETS)",NMB,KOREAN REPUBLIC OF, 630.00 ," 1,939.77 "
4905990011,MAP OF PAPER,NMB,ITALY, 100.00 , 307.85 
4905990011,MAP OF PAPER,NMB,SWITZERLAND, 70.00 , 215.60 
4905990011,MAP OF PAPER,NMB,UNITED ARAB EMIRATES, 500.00 ," 1,539.60 "
4905990011,MAP OF PAPER,NMB,FRANCE, 500.00 ," 1,540.00 "
4905990011,MAP OF PAPER,NMB,THAILAND, 100.00 , 307.85 
4905990011,MAP OF PAPER,NMB,JAPAN, 402.00 ," 1,238.16 "
4905990011,MAP OF PAPER,NMB,GERMANY," 1,200.00 "," 3,694.70 "
4905990011,MAP OF PAPER,NMB,KOREAN REPUBLIC OF, 100.00 , 307.90 
4909000013,CARD PRINTED NOT SPECIFIED,NMB,ITALY, 200.00 , 615.70 
4910000000,"CALENDARS OF ANY KIND, PRINTED, INCLUDING CALENDAR BLOCKS",NMB,GERMANY," 1,410.00 "," 4,341.20 "
4910000000,"CALENDARS OF ANY KIND, PRINTED, INCLUDING CALENDAR BLOCKS",NMB,SWITZERLAND, 100.00 , 308.00 
4910000000,"CALENDARS OF ANY KIND, PRINTED, INCLUDING CALENDAR BLOCKS",NMB,UNITED ARAB EMIRATES, 850.00 ," 2,617.32 "
4910000000,"CALENDARS OF ANY KIND, PRINTED, INCLUDING CALENDAR BLOCKS",NMB,TURKEY, 100.00 , 308.00 
4910000000,"CALENDARS OF ANY KIND, PRINTED, INCLUDING CALENDAR BLOCKS",NMB,ITALY, 500.00 ," 1,539.25 "
4910000000,"CALENDARS OF ANY KIND, PRINTED, INCLUDING CALENDAR BLOCKS",NMB,THAILAND, 100.00 , 307.85 
4911100000,"TRADE ADVERTISING MATERIAL, COMMERCIAL CATALOGUES AND THE LIKE",NMB,SINGAPORE," 1,000.00 "," 23,100.00 "
4911990000,"OTHER PRINTED MATTER, NES",NMB,GERMANY," 2,600.00 "," 8,005.35 "
4911990000,"OTHER PRINTED MATTER, NES",NMB,SWITZERLAND, 500.00 ," 1,540.00 "
4911990000,"OTHER PRINTED MATTER, NES",NMB,ITALY, 200.00 , 615.70 
4911990000,"OTHER PRINTED MATTER, NES",NMB,FRANCE, 100.00 , 308.00 
4911990000,"OTHER PRINTED MATTER, NES",NMB,KOREAN REPUBLIC OF, 200.00 , 615.80 
4911990000,"OTHER PRINTED MATTER, NES",NMB,UNITED ARAB EMIRATES, 500.00 ," 1,539.60 "
4911990000,"OTHER PRINTED MATTER, NES",NMB,THAILAND, 100.00 , 307.85 
6109900010,"T-SHIRT , KNITTED OR CROCHETED OF OTHER TEXTILE MATERIAL",NMB,GERMANY, 100.00 , 231.00 
6217100012,WRIST BAND (NOT KNITTED OR CROCHETED),NMB,THAILAND, 100.00 , 153.93 
6307100012,CLEANING CLOTHS (TEXTILE MATERIAL),KGM,FRANCE, 50.00 , 115.50 
6601991010,UMBRELLA,NMB,ITALY, 20.00 , 92.36 
6601991010,UMBRELLA,NMB,GERMANY, 20.00 , 92.36 
7009920000,FRAMED GLASS MIRRORS (EXCL. REAR-VIEW FOR VEHICLES),NMB,THAILAND, 1.00 , 77.00 
7204100000,WASTE AND SCRAP OF CAST IRON,KGM,INDIA," 6,375,000.00 "," 12,941,941.25 "
7204290000,WASTE AND SCRAP OF ALLOY STEEL (EXCL. STAINLESS),KGM,INDIA," 7,873,800.00 "," 16,276,631.61 "
7204290000,WASTE AND SCRAP OF ALLOY STEEL (EXCL. STAINLESS),KGM,MALAYSIA," 1,300,000.00 "," 1,730,425.06 "
7404000000,COPPER WASTE AND SCRAP,KGM,INDIA," 109,000.00 "," 7,484,507.00 "
7602000000,ALUMINIUM WASTE AND SCRAP,KGM,INDIA," 116,300.00 "," 1,694,566.12 "
8548100000,"WASTE/SCRAP OF PRIMARY CELLS/BATTERIES/ACCUM;SPENT PRIMARY CELLS,BATTERIES",TNE,INDIA, 425.00 ," 4,195,677.50 "
8903991010,LUXURY LAUNCH (OUTBOARD MOTOR) FOR TOURISM PURPOSE,NMB,SEYCHELLES, 1.00 ," 4,186,641.67 "
9404900010,CUSHION,NMB,THAILAND, 1.00 , 76.97 
9503000099,"TOYS, NES.",NMB,ITALY, 20.00 , 107.75 
9503000099,"TOYS, NES.",NMB,GERMANY, 100.00 , 461.78 
9503000099,"TOYS, NES.",NMB,FRANCE, 50.00 , 77.00 
9608100000,BALL-POINT PENS,NMB,UNITED ARAB EMIRATES," 4,000.00 "," 18,475.20 "
9608100000,BALL-POINT PENS,NMB,SWITZERLAND," 1,000.00 "," 1,540.00 "
9608991000,OTHER PEN AND PENCILS,NMB,ITALY, 400.00 ," 1,847.10 "
9608991000,OTHER PEN AND PENCILS,NMB,GERMANY," 6,200.00 "," 27,555.88 "
9608991000,OTHER PEN AND PENCILS,NMB,KOREAN REPUBLIC OF," 1,800.00 "," 8,313.30 "
9608991000,OTHER PEN AND PENCILS,NMB,TURKEY," 2,000.00 "," 3,080.00 "
9609100012,PENCIL,NMB,ITALY, 400.00 ," 1,847.10 "
9609100012,PENCIL,NMB,SWITZERLAND," 1,000.00 "," 4,620.00 "
9609100012,PENCIL,NMB,UNITED ARAB EMIRATES," 1,700.00 "," 7,851.96 "
9609100012,PENCIL,NMB,TURKEY," 1,500.00 "," 6,930.00 "
9609100012,PENCIL,NMB,GERMANY," 5,500.00 "," 24,630.25 "
,TOTAL,,,," 2,796,690,309.79 "
